{
    "name": "French",
    "words": [
        "faire",
        "endroit",
        "seulement",
        "aussi",
        "chambre",
        "crayon",
        "stylo",
        "aller",
        "venir",
        "feu"
    ],
    "descs": [
        "to do",
        "place",
        "only",
        "also",
        "bedroom",
        "pencil",
        "pen",
        "to go",
        "to come",
        "fire"
    ],
    "timestamps": [
        1680882820,
        1680882828,
        1680882836,
        1680882844,
        1680882852,
        1680882859,
        1680882866,
        1680882873,
        1680882880,
        1680882886
    ],
    "maxtimesince": [
        0,
        0,
        0,
        0,
        0,
        0,
        0,
        0,
        0,
        0
    ],
    "lasttimesince": [
        0,
        0,
        0,
        0,
        0,
        0,
        0,
        0,
        0,
        0
    ],
    "right": [
        1,
        0,
        0,
        1,
        1,
        0,
        0,
        1,
        0,
        0
    ],
    "wrong": [
        0,
        1,
        1,
        0,
        0,
        1,
        1,
        0,
        1,
        1
    ],
    "lasteval": [
        1,
        -1,
        -1,
        1,
        1,
        -1,
        -1,
        1,
        -1,
        -1
    ],
    "cache": {
        "0": 3.0166540145874023,
        "1": 1.185918927192688,
        "2": 1.185918927192688,
        "3": 3.0166540145874023,
        "4": 3.0166540145874023,
        "5": 1.185918927192688,
        "6": 1.185918927192688,
        "7": 3.0166540145874023,
        "8": 1.185918927192688,
        "9": 1.185918927192688
    }
}