{
    "name": "Temp 4",
    "words": [
        "a",
        "b"
    ],
    "descs": [
        "aa",
        "bb"
    ],
    "timestamps": [
        1680860595.0,
        1680860623.0
    ],
    "maxtimesince": [
        0,
        0
    ],
    "lasttimesince": [
        0,
        0
    ],
    "right": [
        1,
        0
    ],
    "wrong": [
        0,
        1
    ],
    "lasteval": [
        1,
        -1
    ],
    "cache": {
        "0": 3.0166542530059814,
        "1": 1.185918927192688
    }
}