{
    "words": [
        "faire",
        "endroit",
        "seulement",
        "aussi",
        "chambre",
        "crayon",
        "stylo",
        "aller",
        "venir",
        "feu"
    ],
    "descs": [
        "to do",
        "place",
        "only",
        "also",
        "bedroom",
        "pencil",
        "pen",
        "to go",
        "to come",
        "fire"
    ],
    "timestamps": [
        1680667772.0,
        1680667775.0,
        1680667778.0,
        1680667781.0,
        1680667783.0,
        1680667787.0,
        1680667789.0,
        1680667790.0,
        1680667792.0,
        1680667793.0
    ],
    "maxtimesince": [
        1115.0,
        1113.0,
        1114.0,
        1114.0,
        1115.0,
        1117.0,
        1116.0,
        1104.0,
        1104.0,
        1104.0
    ],
    "lasttimesince": [
        1115.0,
        1113.0,
        1114.0,
        1114.0,
        1115.0,
        1117.0,
        1116.0,
        1104.0,
        1104.0,
        1104.0
    ],
    "right": [
        2,
        2,
        2,
        2,
        2,
        2,
        2,
        2,
        2,
        2
    ],
    "wrong": [
        0,
        0,
        0,
        0,
        0,
        0,
        0,
        0,
        0,
        0
    ],
    "lasteval": [
        1,
        1,
        1,
        1,
        1,
        1,
        1,
        1,
        1,
        1
    ],
    "cache": {
        "0": 2.5132954120635986,
        "1": 2.5643420219421387,
        "2": 2.651344060897827,
        "3": 2.788999080657959,
        "4": 2.9720020294189453,
        "5": 3.210855007171631,
        "6": 3.522045850753784,
        "7": 3.930314064025879,
        "8": 4.205892086029053,
        "9": 4.2988996505737305
    }
}